name,question,answer,category
New York University,What are the key deadlines for undergraduate admissions?,"For undergraduate admissions at NYU, the key deadlines are as follows: Early Decision I by November 1 with decisions released by December 15, Early Decision II by January 1 with decisions released by February 15, and Regular Decision by January 5 with decisions released by April 1.",Admissions
New York University,Is NYU test-optional?,"Yes, NYU is test-optional through the 2026-2027 application cycle. Students can choose whether to submit standardized testing as part of their application and may only need to submit one test.",Admissions
New York University,Does NYU meet 100% of demonstrated financial need?,"Yes, NYU will meet 100% of demonstrated financial need for all first-time, first-year undergraduate students admitted to the New York campus.",Financial Aid
New York University,What English proficiency exams does NYU accept for non-native speakers?,"Non-native speakers may need to submit scores from recognized English proficiency exams taken within the last two years, such as TOEFL or IELTS.",International Applicants
New York University,What is the benefit of Spring Admission at NYU?,"Spring Admission allows students to start their studies in January, offering benefits like reduced first-year costs, the opportunity to take classes or gain experience during the fall, and integration into the NYU community before starting.",Spring Admissions
University of Southern California,What are the important application deadlines for USC?,"USC has the following key deadlines: Early Action (most majors) is November 1, Early Decision (most majors) is also November 1, Regular Decision for performing arts majors is December 1, and Regular Decision for most majors is January 10.",Dates and Deadlines
University of Southern California,What is included in the application checklist for USC?,"The application checklist for USC includes: The Common Application, optional official test scores, transcripts, a letter of recommendation, additional materials if required by your major, submission of Fall grades when available, application affirmations, and additional requirements for international students.",Admission Requirements
University of Southern California,Does USC accept home-schooled students differently?,"Yes, home-schooled students applying to USC must submit answers to specific home-school questions and are encouraged to provide additional materials such as SAT/ACT scores or transcripts from accredited programs.",Application Process
University of Southern California,Does USC offer need-based financial aid to international students?,"No, USC does not provide need-based financial aid for international students. All international applicants must submit financial documentation to affirm their capability to finance their education.",Financial Aid
University of Southern California,What are the English proficiency requirements for international applicants?,"International applicants whose native language is not English must submit an approved English proficiency examination score, such as TOEFL or IELTS, to demonstrate their English language skills.",International Students
University of Illinois Urbana-Champaign,"What required items do I need to send after I submit my application, and when are they due?","After submitting your application, you must ensure that any required transcripts and test scores are sent by the specified deadlines. For early action applications, all required items must be received by November 7, and for regular decision applications, by January 11.",Applicant
University of Illinois Urbana-Champaign,What percentage of applicants get admitted?,"The admission rate varies from year to year, reflecting the competitiveness of the applicant pool. It's best to consult our class profile for up-to-date statistics.",Applicant
University of Illinois Urbana-Champaign,Is the ACT or SAT optional for all first-year applicants?,"Yes, the ACT and SAT are optional for first-year applicants at Illinois. However, submitting scores may enhance your application and be required for certain merit-based scholarships.",Applicant
University of Illinois Urbana-Champaign,How do I check my application status in myIllini?,"You can check your application status by logging into your myIllini account, where you will find updates regarding your application process.",Applicant
University of Illinois Urbana-Champaign,What should I do if I have questions regarding the visa process?,"For visa-related questions, please refer to the International Student Services office or check the information provided in your Notice of Admission letter.",Applicant
Columbia University,What is Columbia looking for when evaluating students for admission? What are the criteria for admission?,"Columbia reviews applications holistically, considering academic performance, personal qualities, extracurricular involvement, and potential contributions to the Columbia community.",Applying
Columbia University,How competitive is admission to Columbia?,Admission to Columbia is highly competitive due to the large number of applicants and the university's prestigious reputation.,Applying
Columbia University,Are there advisers for specific departmental majors?,"Yes, Columbia provides academic advisers for each departmental major to assist students with their academic planning.",Applying
Columbia University,Does Columbia allow students to double major?,"Yes, students at Columbia are allowed to double major.",Applying
Columbia University,What are your secondary/high school course requirements for admission?,"Applicants must demonstrate a strong academic background, typically including a rigorous high school curriculum.",Applying
Columbia University,"Is there a minimum test score, class rank or GPA required for admission to Columbia?","Columbia does not set strict minimums for test scores, GPA, or class rank; all components of the application are reviewed in context.",Applying
Columbia University,How large are Columbia's classes?,"Columbia classes vary in size, with many graduate seminars being small, while introductory classes can have larger enrollments.",Applying
Columbia University,"Is there a maximum number of students admitted from a particular country, region or school?","No, Columbia does not impose caps on admissions from specific countries, regions, or schools.",Applying
Columbia University,May I apply to both Columbia College and Columbia Engineering?,"Yes, students may apply to both Columbia College and Columbia Engineering.",Applying
Columbia University,When do application decisions become available?,Application decisions are released through the applicant portal; specific dates can vary annually.,Applying
Columbia University,What if I need an application deadline extension?,Columbia generally adheres strictly to its deadlines but may process late materials under certain circumstances.,Applying
Columbia University,How can I take advantage of everything I want to do in New York City on a student budget?,"Columbia offers various resources, programs, and events that help students enjoy New York City affordably.",Applying
Columbia University,Does Columbia grant credit for college courses and credits earned during high school?,"Yes, Columbia grants credit for eligible college courses and AP credits earned during high school.",Financial Aid
Columbia University,Are students required to live on campus? Can I seek off-campus housing?,"First-year students are required to live on campus, but upperclassmen have the option to seek off-campus housing.",Financial Aid
Columbia University,What is Columbia’s policy on admissions interviews?,Interviews are not part of the application process.,Financial Aid
Columbia University,What are the English Proficiency Requirements for international applicants?,"International applicants must demonstrate proficiency in English, which can be satisfied by standardized tests or other means.",International and Undocumented Students
Columbia University,What is Columbia's policy on financial aid for international students?,Columbia meets 100% of the demonstrated need for all admitted first-year international students.,International and Undocumented Students
Boston University,What is Boston University’s test policy?,"Boston University will adopt a test optional policy for first-year applicants applying through fall 2028/spring 2029. This policy applies to all undergraduate schools and colleges, as well as all scholarship programs, although international students must submit a TOEFL, IELTS, or Duolingo English Test for English proficiency.",application process
Boston University,What are the Early Decision deadlines for Boston University?,"The Early Decision application deadline is November 2, with a notification date of December 15. Early Decision 2 has an application deadline of January 5 and a notification date of February 9.",admissions deadlines
Boston University,What is the BU Promise?,"The BU Promise guarantees that Boston University will meet 100% of demonstrated financial need for all domestic first-year students without the use of loans. Students from families with incomes under $200,000 can expect financial aid support that covers full tuition and a portion of housing and dining costs.",financial aid
Boston University,How do I apply as a first-year student?,"You must submit either the Common Application or the QuestBridge Application, along with required documents including a high school transcript, senior year grades, counselor recommendation, teacher evaluation, and optional standardized test scores.",first-year applicants
Boston University,What do international applicants need to submit?,"International applicants are required to submit the Common Application, secondary school records, senior year grades, counselor recommendation, teacher evaluation, evidence of English proficiency, financial support documentation, and a copy of the passport.",international students
"University of California, Berkeley",What is the selection process for first-year applicants?,"UC Berkeley uses a holistic review process, which means they evaluate all aspects of an application, including academics and personal experiences, without weighted emphasis on any one part.",Application Process
"University of California, Berkeley",Does UC Berkeley require standardized test scores for admission?,"No, UC Berkeley is test-free and does not consider SAT/ACT scores in the admissions process; however, these scores can be used for placement or credit if submitted.",Standardized Testing
"University of California, Berkeley",What is required for international applicants?,International applicants must either require a visa to study in the U.S. or have graduated high school outside the U.S. They must also prove their English proficiency.,International Students
"University of California, Berkeley",What are the costs associated with attending UC Berkeley?,"The cost of attendance includes tuition and fees, living expenses, and miscellaneous personal expenses. For non-residents, there is an additional nonresident tuition fee.",Financial Aid
"University of California, Berkeley",Are letters of recommendation required for the application?,Letters of recommendation are not required but may be submitted by invited applicants to enhance their application.,Letters of Recommendation
"University of California, San Diego",How do I apply to UC San Diego?,"You can apply to UC San Diego by submitting the University of California Application, which opens on August 1 for the following Fall term.",Admissions
"University of California, San Diego",What majors are offered at UC San Diego?,UC San Diego offers a wide range of majors across multiple colleges; you can view the complete list of available majors on the university's website.,Academics & Majors
"University of California, San Diego",How much does it cost to attend UC San Diego?,"The cost of attendance varies by residency status (California resident vs. non-resident) and includes tuition, fees, living expenses, and other related costs.",Cost & Financial Aid
"University of California, San Diego",What are A-G requirements?,"A-G requirements are a series of college preparatory courses required for admission to the University of California system, ensuring that students are well-prepared for academic work at the university level.",First-Year
"University of California, San Diego",What English proficiency tests are accepted for international students?,"International students must demonstrate English proficiency through tests such as TOEFL, IELTS, or the Duolingo English Test, with minimum required scores specified by UC San Diego.",International Students
Purdue University,What is the application process for Purdue University?,"To apply to Purdue University, first-year students complete the Common Application, which includes an essay, responses to Purdue-specific questions, self-reported high school grades, and possibly SAT or ACT scores. The application must be submitted along with a fee or a fee waiver.",Admissions
Purdue University,What are the application deadlines for Purdue University?,The application deadline for Early Action is November 1. Make sure to submit all required materials by that date.,Admissions
Purdue University,What are the SAT/ACT requirements for Purdue University?,"Purdue accepts both SAT and ACT scores without a preference. Students may report their highest scores from different test dates, and around 97% of admitted students provided a test score.",Admissions
Purdue University,What are the English proficiency requirements for international students?,"International students whose primary language is not English must demonstrate English proficiency through exams like TOEFL, IELTS, or the Duolingo English Test, meeting specific score requirements.",International Students
Purdue University,What are the tuition and fee rates for 2025-2026?,Tuition rates vary based on the program of study and the number of credit hours. Detailed fee structures for undergraduate students can be viewed on the Bursar's Office website.,Tuition and Fees
The Pennsylvania State University,What is the application fee for Penn State?,"The application fee for domestic students is $65 and for international students, it is $75.",application
The Pennsylvania State University,What are the Early Action and Priority Admissions deadlines?,"The Early Action Deadline is November 1, and the Priority Admission Deadline is February 1.",admissions
The Pennsylvania State University,What are the minimum high school course requirements for a four-year degree at Penn State?,"For a four-year degree, students must complete 4 units of English, 3 units of social studies or humanities, 3 units of science, 3 units of math (including Algebra I, Algebra II, and Geometry), and 2 units of a world language.",requirements
The Pennsylvania State University,What are the steps for international students to apply to Penn State?,"International students should research programs and campuses, review admission requirements and deadlines, gather necessary documents, access the application through MyPennState or Common App, finalize details, submit the application, and check application status.",international
The Pennsylvania State University,What is the GPA range for the middle 50% of admitted students at University Park?,The middle 50% GPA for admitted students at University Park ranges from 3.63 to 3.94.,eligibility
